{"cameraMode":{"drawMode":0,"name":"Shaded","section":"Shading Mode"},"sceneLighting":false,"audioPlay":false,"sceneViewState":{"m_AlwaysRefresh":false,"showFog":false,"showSkybox":false,"showFlares":false,"showImageEffects":false,"showParticleSystems":false,"showVisualEffectGraphs":true,"m_FxEnabled":true},"in2DMode":false,"pivot":{"x":0.033500224351882938,"y":0.08726704120635987,"z":-0.06619948148727417},"rotation":{"x":-0.023047614842653276,"y":0.9756830930709839,"z":-0.1268731951713562,"w":-0.17724134027957917},"size":0.34828636050224306,"orthographic":false}