{"cameraMode":{"drawMode":0,"name":"Shaded","section":"Shading Mode"},"sceneLighting":false,"audioPlay":false,"sceneViewState":{"m_AlwaysRefresh":false,"showFog":false,"showSkybox":false,"showFlares":false,"showImageEffects":false,"showParticleSystems":false,"showVisualEffectGraphs":true,"m_FxEnabled":true},"in2DMode":false,"pivot":{"x":-0.03422200679779053,"y":0.7962167263031006,"z":0.07633882761001587},"rotation":{"x":-0.06789588183164597,"y":0.8723689317703247,"z":-0.12677247822284699,"w":-0.46721693873405459},"size":1.088700294494629,"orthographic":false}