{"cameraMode":{"drawMode":0,"name":"Shaded","section":"Shading Mode"},"sceneLighting":false,"audioPlay":false,"sceneViewState":{"m_AlwaysRefresh":false,"showFog":true,"showSkybox":false,"showFlares":true,"showImageEffects":true,"showParticleSystems":true,"showVisualEffectGraphs":true,"m_FxEnabled":true},"in2DMode":false,"pivot":{"x":10.706677436828614,"y":1.0154199600219727,"z":3.686028003692627},"rotation":{"x":-0.06789588183164597,"y":0.8723689317703247,"z":-0.12677247822284699,"w":-0.46721693873405459},"size":1.3248811960220338,"orthographic":false}