{"cameraMode":{"drawMode":0,"name":"Shaded","section":"Shading Mode"},"sceneLighting":false,"audioPlay":false,"sceneViewState":{"m_AlwaysRefresh":false,"showFog":true,"showSkybox":false,"showFlares":true,"showImageEffects":true,"showParticleSystems":true,"showVisualEffectGraphs":true,"m_FxEnabled":true},"in2DMode":false,"pivot":{"x":0.17293214797973634,"y":0.5103049874305725,"z":-0.15718987584114076},"rotation":{"x":0.055674344301223758,"y":0.6111198663711548,"z":-0.04315538704395294,"w":0.7883984446525574},"size":0.5341807007789612,"orthographic":false}